Year,Faculty,Department,Course.Title,Faculty.Member,Indicators,Questions,Q#,R_1,R_2,R_3,R_4,R_5,R6,R_7,R_8,R_9,R_10,R_11,R_12,R_13,R_14,R_15,R_16,R_17,R_18,R_19,R_20,R_21,R_22,R_23,R_24,R_25,R_26,R_27,R_28,R_29,R_30,R_31,R_32,R_33,R_34,R_35,R_36,R_37,R_38,R_39,R_40,R_41,R_42,R_43,R_44,R_45,R_46,R_47,R_48,R_49,R_50,R_51,R_52,R_53,R_54,R_55,R_56,R_57,R_58,R_59,R_60,R_61,R_62,R_63,R_64,R_65,R_66,R_67,R_68,R_69,R_70,R_71,R_72,R_73,R_74,R_75,R_76,R_77,R_78,R_79,R_80,R_81,R_82,R_83,R_84,R_85,R_86,R_87,R_88,R_89,R_90,R_91,R_92,R_93,R_94,R_95,R_96,R_97,R_98,R_99,R_100
2016,,IT,DBMS,Sir Kamran Daheri,Course-Content&Organization,The course objectives were clear,1,4,5,4,4,5,5,5,5,4,4,4,5,5,4,4,4,5,4,5,5,4,5,5,NA,NA,NA,NA,NA,NA,NA,NA,NA,NA,NA,NA,NA,NA,NA,NA,NA,NA,NA,NA,NA,NA,NA,NA,NA,NA,NA,NA,NA,NA,NA,NA,NA,NA,NA,NA,NA,NA,NA,NA,NA,NA,NA,NA,NA,NA,NA,NA,NA,NA,NA,NA,NA,NA,NA,NA,NA,NA,NA,NA,NA,NA,NA,NA,NA,NA,NA,NA,NA,NA,NA,NA,NA,NA,NA,NA,NA
2016,,IT,DBMS,Sir Kamran Daheri,Course-Content&Organization,The Course workload was manageable,2,4,5,4,4,5,5,5,5,5,5,4,4,5,4,4,5,5,3,5,5,5,5,5,NA,NA,NA,NA,NA,NA,NA,NA,NA,NA,NA,NA,NA,NA,NA,NA,NA,NA,NA,NA,NA,NA,NA,NA,NA,NA,NA,NA,NA,NA,NA,NA,NA,NA,NA,NA,NA,NA,NA,NA,NA,NA,NA,NA,NA,NA,NA,NA,NA,NA,NA,NA,NA,NA,NA,NA,NA,NA,NA,NA,NA,NA,NA,NA,NA,NA,NA,NA,NA,NA,NA,NA,NA,NA,NA,NA,NA
2016,,IT,DBMS,Sir Kamran Daheri,Course-Content&Organization,"The Course was well organized (e.g. timely access to materials, notification of changes, etc.)",3,4,5,3,4,5,5,5,5,5,4,3,5,4,4,5,5,5,4,5,5,1,5,5,NA,NA,NA,NA,NA,NA,NA,NA,NA,NA,NA,NA,NA,NA,NA,NA,NA,NA,NA,NA,NA,NA,NA,NA,NA,NA,NA,NA,NA,NA,NA,NA,NA,NA,NA,NA,NA,NA,NA,NA,NA,NA,NA,NA,NA,NA,NA,NA,NA,NA,NA,NA,NA,NA,NA,NA,NA,NA,NA,NA,NA,NA,NA,NA,NA,NA,NA,NA,NA,NA,NA,NA,NA,NA,NA,NA,NA
2016,,IT,DBMS,Sir Kamran Daheri,Stud.Contribution,Approximate level of your own attendance during the whole Course ,4,3,1,3,3,1,1,1,5,5,1,1,1,4,2,4,2,1,2,1,1,3,1,2,NA,NA,NA,NA,NA,NA,NA,NA,NA,NA,NA,NA,NA,NA,NA,NA,NA,NA,NA,NA,NA,NA,NA,NA,NA,NA,NA,NA,NA,NA,NA,NA,NA,NA,NA,NA,NA,NA,NA,NA,NA,NA,NA,NA,NA,NA,NA,NA,NA,NA,NA,NA,NA,NA,NA,NA,NA,NA,NA,NA,NA,NA,NA,NA,NA,NA,NA,NA,NA,NA,NA,NA,NA,NA,NA,NA,NA
2016,,IT,DBMS,Sir Kamran Daheri,Stud.Contribution,I participated actively in the Course,5,4,4,2,4,4,4,5,5,5,4,3,4,3,4,3,4,5,4,4,5,3,4,5,NA,NA,NA,NA,NA,NA,NA,NA,NA,NA,NA,NA,NA,NA,NA,NA,NA,NA,NA,NA,NA,NA,NA,NA,NA,NA,NA,NA,NA,NA,NA,NA,NA,NA,NA,NA,NA,NA,NA,NA,NA,NA,NA,NA,NA,NA,NA,NA,NA,NA,NA,NA,NA,NA,NA,NA,NA,NA,NA,NA,NA,NA,NA,NA,NA,NA,NA,NA,NA,NA,NA,NA,NA,NA,NA,NA,NA
2016,,IT,DBMS,Sir Kamran Daheri,Stud.Contribution,I think I have made progress in this Course,6,5,5,2,3,5,4,5,5,5,4,5,4,4,4,4,4,5,3,4,5,5,5,5,NA,NA,NA,NA,NA,NA,NA,NA,NA,NA,NA,NA,NA,NA,NA,NA,NA,NA,NA,NA,NA,NA,NA,NA,NA,NA,NA,NA,NA,NA,NA,NA,NA,NA,NA,NA,NA,NA,NA,NA,NA,NA,NA,NA,NA,NA,NA,NA,NA,NA,NA,NA,NA,NA,NA,NA,NA,NA,NA,NA,NA,NA,NA,NA,NA,NA,NA,NA,NA,NA,NA,NA,NA,NA,NA,NA,NA
2016,,IT,DBMS,Sir Kamran Daheri,Environment,"I think the Course was well structured to achieve the learning outcomes (there was a good balance of lectures, tutorials, practical etc.)",7,4,5,2,4,5,4,5,5,4,5,3,5,2,4,4,5,5,4,5,5,4,5,5,NA,NA,NA,NA,NA,NA,NA,NA,NA,NA,NA,NA,NA,NA,NA,NA,NA,NA,NA,NA,NA,NA,NA,NA,NA,NA,NA,NA,NA,NA,NA,NA,NA,NA,NA,NA,NA,NA,NA,NA,NA,NA,NA,NA,NA,NA,NA,NA,NA,NA,NA,NA,NA,NA,NA,NA,NA,NA,NA,NA,NA,NA,NA,NA,NA,NA,NA,NA,NA,NA,NA,NA,NA,NA,NA,NA,NA
2016,,IT,DBMS,Sir Kamran Daheri,Environment,The learning and teaching methods encouraged participation.,8,4,5,4,4,4,4,5,5,5,4,4,5,5,4,4,4,5,4,5,5,4,5,5,NA,NA,NA,NA,NA,NA,NA,NA,NA,NA,NA,NA,NA,NA,NA,NA,NA,NA,NA,NA,NA,NA,NA,NA,NA,NA,NA,NA,NA,NA,NA,NA,NA,NA,NA,NA,NA,NA,NA,NA,NA,NA,NA,NA,NA,NA,NA,NA,NA,NA,NA,NA,NA,NA,NA,NA,NA,NA,NA,NA,NA,NA,NA,NA,NA,NA,NA,NA,NA,NA,NA,NA,NA,NA,NA,NA,NA
2016,,IT,DBMS,Sir Kamran Daheri,Environment,The overall environment in the class was conducive to learning.,9,5,5,4,3,5,4,5,5,5,4,2,5,2,4,4,4,5,3,5,5,5,5,5,NA,NA,NA,NA,NA,NA,NA,NA,NA,NA,NA,NA,NA,NA,NA,NA,NA,NA,NA,NA,NA,NA,NA,NA,NA,NA,NA,NA,NA,NA,NA,NA,NA,NA,NA,NA,NA,NA,NA,NA,NA,NA,NA,NA,NA,NA,NA,NA,NA,NA,NA,NA,NA,NA,NA,NA,NA,NA,NA,NA,NA,NA,NA,NA,NA,NA,NA,NA,NA,NA,NA,NA,NA,NA,NA,NA,NA
2016,,IT,DBMS,Sir Kamran Daheri,Environment,Classrooms were satisfactory,10,4,4,4,5,5,4,5,5,5,5,1,5,5,4,4,5,5,4,4,5,5,4,4,NA,NA,NA,NA,NA,NA,NA,NA,NA,NA,NA,NA,NA,NA,NA,NA,NA,NA,NA,NA,NA,NA,NA,NA,NA,NA,NA,NA,NA,NA,NA,NA,NA,NA,NA,NA,NA,NA,NA,NA,NA,NA,NA,NA,NA,NA,NA,NA,NA,NA,NA,NA,NA,NA,NA,NA,NA,NA,NA,NA,NA,NA,NA,NA,NA,NA,NA,NA,NA,NA,NA,NA,NA,NA,NA,NA,NA
2016,,IT,DBMS,Sir Kamran Daheri,Resources,"Learning materials (Lesson Plans, Course Notes etc.) were relevant and useful.",11,4,5,5,4,5,5,5,4,5,5,4,5,5,4,4,4,5,4,5,5,5,5,5,NA,NA,NA,NA,NA,NA,NA,NA,NA,NA,NA,NA,NA,NA,NA,NA,NA,NA,NA,NA,NA,NA,NA,NA,NA,NA,NA,NA,NA,NA,NA,NA,NA,NA,NA,NA,NA,NA,NA,NA,NA,NA,NA,NA,NA,NA,NA,NA,NA,NA,NA,NA,NA,NA,NA,NA,NA,NA,NA,NA,NA,NA,NA,NA,NA,NA,NA,NA,NA,NA,NA,NA,NA,NA,NA,NA,NA
2016,,IT,DBMS,Sir Kamran Daheri,Resources,Recommended reading Books etc. were relevant and appropriate,12,4,4,3,4,5,4,5,4,5,5,4,5,4,4,5,4,5,2,5,5,5,5,5,NA,NA,NA,NA,NA,NA,NA,NA,NA,NA,NA,NA,NA,NA,NA,NA,NA,NA,NA,NA,NA,NA,NA,NA,NA,NA,NA,NA,NA,NA,NA,NA,NA,NA,NA,NA,NA,NA,NA,NA,NA,NA,NA,NA,NA,NA,NA,NA,NA,NA,NA,NA,NA,NA,NA,NA,NA,NA,NA,NA,NA,NA,NA,NA,NA,NA,NA,NA,NA,NA,NA,NA,NA,NA,NA,NA,NA
2016,,IT,DBMS,Sir Kamran Daheri,Resources,The provision of learning resources in the library was adequate and appropriate ,13,5,3,2,2,4,4,5,5,5,2,3,5,4,3,2,4,5,4,3,5,4,4,3,NA,NA,NA,NA,NA,NA,NA,NA,NA,NA,NA,NA,NA,NA,NA,NA,NA,NA,NA,NA,NA,NA,NA,NA,NA,NA,NA,NA,NA,NA,NA,NA,NA,NA,NA,NA,NA,NA,NA,NA,NA,NA,NA,NA,NA,NA,NA,NA,NA,NA,NA,NA,NA,NA,NA,NA,NA,NA,NA,NA,NA,NA,NA,NA,NA,NA,NA,NA,NA,NA,NA,NA,NA,NA,NA,NA,NA
2016,,IT,DBMS,Sir Kamran Daheri,Resources,The provision of learning resources on the Web was adequate and appropriate ( if relevant),14,4,3,4,3,4,4,5,5,5,4,2,5,5,3,2,5,5,4,5,5,NA,5,3,NA,NA,NA,NA,NA,NA,NA,NA,NA,NA,NA,NA,NA,NA,NA,NA,NA,NA,NA,NA,NA,NA,NA,NA,NA,NA,NA,NA,NA,NA,NA,NA,NA,NA,NA,NA,NA,NA,NA,NA,NA,NA,NA,NA,NA,NA,NA,NA,NA,NA,NA,NA,NA,NA,NA,NA,NA,NA,NA,NA,NA,NA,NA,NA,NA,NA,NA,NA,NA,NA,NA,NA,NA,NA,NA,NA,NA
2016,,IT,DBMS,Sir Kamran Daheri,Quality.of.Delivery,The Course stimulated my interest and thought on the subject area,15,4,5,4,4,4,4,5,5,5,5,4,5,4,4,4,5,5,4,5,5,4,4,5,NA,NA,NA,NA,NA,NA,NA,NA,NA,NA,NA,NA,NA,NA,NA,NA,NA,NA,NA,NA,NA,NA,NA,NA,NA,NA,NA,NA,NA,NA,NA,NA,NA,NA,NA,NA,NA,NA,NA,NA,NA,NA,NA,NA,NA,NA,NA,NA,NA,NA,NA,NA,NA,NA,NA,NA,NA,NA,NA,NA,NA,NA,NA,NA,NA,NA,NA,NA,NA,NA,NA,NA,NA,NA,NA,NA,NA
2016,,IT,DBMS,Sir Kamran Daheri,Quality.of.Delivery,The pace of the Course was appropriate,16,5,4,2,3,4,4,5,5,5,4,4,5,5,4,4,4,5,4,5,5,4,5,5,NA,NA,NA,NA,NA,NA,NA,NA,NA,NA,NA,NA,NA,NA,NA,NA,NA,NA,NA,NA,NA,NA,NA,NA,NA,NA,NA,NA,NA,NA,NA,NA,NA,NA,NA,NA,NA,NA,NA,NA,NA,NA,NA,NA,NA,NA,NA,NA,NA,NA,NA,NA,NA,NA,NA,NA,NA,NA,NA,NA,NA,NA,NA,NA,NA,NA,NA,NA,NA,NA,NA,NA,NA,NA,NA,NA,NA
2016,,IT,DBMS,Sir Kamran Daheri,Quality.of.Delivery,Ideas and concepts were presented clearly,17,4,5,2,4,5,4,5,5,5,5,4,5,4,4,5,4,5,2,5,5,5,5,5,NA,NA,NA,NA,NA,NA,NA,NA,NA,NA,NA,NA,NA,NA,NA,NA,NA,NA,NA,NA,NA,NA,NA,NA,NA,NA,NA,NA,NA,NA,NA,NA,NA,NA,NA,NA,NA,NA,NA,NA,NA,NA,NA,NA,NA,NA,NA,NA,NA,NA,NA,NA,NA,NA,NA,NA,NA,NA,NA,NA,NA,NA,NA,NA,NA,NA,NA,NA,NA,NA,NA,NA,NA,NA,NA,NA,NA
2016,,IT,DBMS,Sir Kamran Daheri,Assessment,The method of assessment were reasonable ,18,4,4,4,NA,4,5,5,5,NA,4,4,5,3,4,NA,4,5,4,4,5,4,4,5,NA,NA,NA,NA,NA,NA,NA,NA,NA,NA,NA,NA,NA,NA,NA,NA,NA,NA,NA,NA,NA,NA,NA,NA,NA,NA,NA,NA,NA,NA,NA,NA,NA,NA,NA,NA,NA,NA,NA,NA,NA,NA,NA,NA,NA,NA,NA,NA,NA,NA,NA,NA,NA,NA,NA,NA,NA,NA,NA,NA,NA,NA,NA,NA,NA,NA,NA,NA,NA,NA,NA,NA,NA,NA,NA,NA,NA
2016,,IT,DBMS,Sir Kamran Daheri,Assessment,Feedback on assessment was timely,19,5,3,NA,NA,NA,5,5,5,NA,3,2,5,4,4,NA,4,5,2,4,5,5,4,5,NA,NA,NA,NA,NA,NA,NA,NA,NA,NA,NA,NA,NA,NA,NA,NA,NA,NA,NA,NA,NA,NA,NA,NA,NA,NA,NA,NA,NA,NA,NA,NA,NA,NA,NA,NA,NA,NA,NA,NA,NA,NA,NA,NA,NA,NA,NA,NA,NA,NA,NA,NA,NA,NA,NA,NA,NA,NA,NA,NA,NA,NA,NA,NA,NA,NA,NA,NA,NA,NA,NA,NA,NA,NA,NA,NA,NA
2016,,IT,DBMS,Sir Kamran Daheri,Assessment,Feedback on assessment was helpful,20,4,5,4,NA,NA,5,5,5,NA,5,2,5,5,4,NA,4,5,4,4,5,5,4,5,NA,NA,NA,NA,NA,NA,NA,NA,NA,NA,NA,NA,NA,NA,NA,NA,NA,NA,NA,NA,NA,NA,NA,NA,NA,NA,NA,NA,NA,NA,NA,NA,NA,NA,NA,NA,NA,NA,NA,NA,NA,NA,NA,NA,NA,NA,NA,NA,NA,NA,NA,NA,NA,NA,NA,NA,NA,NA,NA,NA,NA,NA,NA,NA,NA,NA,NA,NA,NA,NA,NA,NA,NA,NA,NA,NA,NA
2016,,IT,DBMS,Sir Kamran Daheri,Faculty.Eval,I understood the lectures,21,4,5,2,4,4,4,5,5,NA,4,5,5,4,4,NA,4,5,4,5,5,4,5,5,NA,NA,NA,NA,NA,NA,NA,NA,NA,NA,NA,NA,NA,NA,NA,NA,NA,NA,NA,NA,NA,NA,NA,NA,NA,NA,NA,NA,NA,NA,NA,NA,NA,NA,NA,NA,NA,NA,NA,NA,NA,NA,NA,NA,NA,NA,NA,NA,NA,NA,NA,NA,NA,NA,NA,NA,NA,NA,NA,NA,NA,NA,NA,NA,NA,NA,NA,NA,NA,NA,NA,NA,NA,NA,NA,NA,NA
2016,,IT,DBMS,Sir Kamran Daheri,Faculty.Eval,The material was well organized and presented,22,5,5,4,4,4,4,5,5,NA,5,4,5,5,4,NA,4,5,4,5,5,5,5,5,NA,NA,NA,NA,NA,NA,NA,NA,NA,NA,NA,NA,NA,NA,NA,NA,NA,NA,NA,NA,NA,NA,NA,NA,NA,NA,NA,NA,NA,NA,NA,NA,NA,NA,NA,NA,NA,NA,NA,NA,NA,NA,NA,NA,NA,NA,NA,NA,NA,NA,NA,NA,NA,NA,NA,NA,NA,NA,NA,NA,NA,NA,NA,NA,NA,NA,NA,NA,NA,NA,NA,NA,NA,NA,NA,NA,NA
2016,,IT,DBMS,Sir Kamran Daheri,Faculty.Eval,The Teacher was responsive to student needs and problems,23,4,5,2,4,5,4,5,4,NA,5,5,5,4,5,NA,4,5,4,5,5,5,5,5,NA,NA,NA,NA,NA,NA,NA,NA,NA,NA,NA,NA,NA,NA,NA,NA,NA,NA,NA,NA,NA,NA,NA,NA,NA,NA,NA,NA,NA,NA,NA,NA,NA,NA,NA,NA,NA,NA,NA,NA,NA,NA,NA,NA,NA,NA,NA,NA,NA,NA,NA,NA,NA,NA,NA,NA,NA,NA,NA,NA,NA,NA,NA,NA,NA,NA,NA,NA,NA,NA,NA,NA,NA,NA,NA,NA,NA
2016,,IT,DBMS,Sir Kamran Daheri,Faculty.Eval,Had the Teacher been regular throughout the course?,24,4,5,3,4,5,4,5,5,NA,4,4,5,5,4,NA,4,5,4,5,5,5,5,5,NA,NA,NA,NA,NA,NA,NA,NA,NA,NA,NA,NA,NA,NA,NA,NA,NA,NA,NA,NA,NA,NA,NA,NA,NA,NA,NA,NA,NA,NA,NA,NA,NA,NA,NA,NA,NA,NA,NA,NA,NA,NA,NA,NA,NA,NA,NA,NA,NA,NA,NA,NA,NA,NA,NA,NA,NA,NA,NA,NA,NA,NA,NA,NA,NA,NA,NA,NA,NA,NA,NA,NA,NA,NA,NA,NA,NA
2016,,IT,DBMS,Sir Kamran Daheri,Faculty.Eval,The Teacher provides the Lecture schedule on the very first lecture,25,4,5,4,4,5,4,5,5,NA,5,4,5,3,4,NA,4,5,4,5,5,4,5,5,NA,NA,NA,NA,NA,NA,NA,NA,NA,NA,NA,NA,NA,NA,NA,NA,NA,NA,NA,NA,NA,NA,NA,NA,NA,NA,NA,NA,NA,NA,NA,NA,NA,NA,NA,NA,NA,NA,NA,NA,NA,NA,NA,NA,NA,NA,NA,NA,NA,NA,NA,NA,NA,NA,NA,NA,NA,NA,NA,NA,NA,NA,NA,NA,NA,NA,NA,NA,NA,NA,NA,NA,NA,NA,NA,NA,NA
2016,,IT,DBMS,Sir Kamran Daheri,Faculty.Eval,The Teacher provides the Lecture outlines before delivering the lecture,26,4,5,4,4,5,4,5,5,NA,2,4,4,5,4,NA,5,5,4,5,5,4,5,5,NA,NA,NA,NA,NA,NA,NA,NA,NA,NA,NA,NA,NA,NA,NA,NA,NA,NA,NA,NA,NA,NA,NA,NA,NA,NA,NA,NA,NA,NA,NA,NA,NA,NA,NA,NA,NA,NA,NA,NA,NA,NA,NA,NA,NA,NA,NA,NA,NA,NA,NA,NA,NA,NA,NA,NA,NA,NA,NA,NA,NA,NA,NA,NA,NA,NA,NA,NA,NA,NA,NA,NA,NA,NA,NA,NA,NA
2016,,IT,DBMS,Sir Kamran Daheri,Faculty.Eval,The Teacher is prepared for each class,27,5,5,3,4,5,4,5,4,NA,4,4,5,3,4,NA,4,5,4,5,5,5,5,5,NA,NA,NA,NA,NA,NA,NA,NA,NA,NA,NA,NA,NA,NA,NA,NA,NA,NA,NA,NA,NA,NA,NA,NA,NA,NA,NA,NA,NA,NA,NA,NA,NA,NA,NA,NA,NA,NA,NA,NA,NA,NA,NA,NA,NA,NA,NA,NA,NA,NA,NA,NA,NA,NA,NA,NA,NA,NA,NA,NA,NA,NA,NA,NA,NA,NA,NA,NA,NA,NA,NA,NA,NA,NA,NA,NA,NA
2016,,IT,DBMS,Sir Kamran Daheri,Faculty.Eval,The Teacher demonstrates knowledge of the subject,28,4,5,4,4,5,4,5,4,NA,5,4,5,5,4,NA,4,5,2,5,5,5,5,5,NA,NA,NA,NA,NA,NA,NA,NA,NA,NA,NA,NA,NA,NA,NA,NA,NA,NA,NA,NA,NA,NA,NA,NA,NA,NA,NA,NA,NA,NA,NA,NA,NA,NA,NA,NA,NA,NA,NA,NA,NA,NA,NA,NA,NA,NA,NA,NA,NA,NA,NA,NA,NA,NA,NA,NA,NA,NA,NA,NA,NA,NA,NA,NA,NA,NA,NA,NA,NA,NA,NA,NA,NA,NA,NA,NA,NA
2016,,IT,DBMS,Sir Kamran Daheri,Faculty.Eval,The Teacher has completed the whole course,29,4,5,5,3,5,4,5,5,NA,4,3,5,4,4,NA,4,5,2,5,5,5,5,5,NA,NA,NA,NA,NA,NA,NA,NA,NA,NA,NA,NA,NA,NA,NA,NA,NA,NA,NA,NA,NA,NA,NA,NA,NA,NA,NA,NA,NA,NA,NA,NA,NA,NA,NA,NA,NA,NA,NA,NA,NA,NA,NA,NA,NA,NA,NA,NA,NA,NA,NA,NA,NA,NA,NA,NA,NA,NA,NA,NA,NA,NA,NA,NA,NA,NA,NA,NA,NA,NA,NA,NA,NA,NA,NA,NA,NA
2016,,IT,DBMS,Sir Kamran Daheri,Faculty.Eval,The Teacher provides additional material apart from the textbook,30,4,5,3,4,5,4,5,5,NA,2,3,5,3,4,NA,4,5,4,5,5,5,5,5,NA,NA,NA,NA,NA,NA,NA,NA,NA,NA,NA,NA,NA,NA,NA,NA,NA,NA,NA,NA,NA,NA,NA,NA,NA,NA,NA,NA,NA,NA,NA,NA,NA,NA,NA,NA,NA,NA,NA,NA,NA,NA,NA,NA,NA,NA,NA,NA,NA,NA,NA,NA,NA,NA,NA,NA,NA,NA,NA,NA,NA,NA,NA,NA,NA,NA,NA,NA,NA,NA,NA,NA,NA,NA,NA,NA,NA
2016,,IT,DBMS,Sir Kamran Daheri,Faculty.Eval,The Teacher gives citations regarding current situations with reference to Pakistani context.,31,NA,4,4,3,5,4,5,5,NA,3,3,5,5,4,NA,4,5,4,5,5,NA,5,4,NA,NA,NA,NA,NA,NA,NA,NA,NA,NA,NA,NA,NA,NA,NA,NA,NA,NA,NA,NA,NA,NA,NA,NA,NA,NA,NA,NA,NA,NA,NA,NA,NA,NA,NA,NA,NA,NA,NA,NA,NA,NA,NA,NA,NA,NA,NA,NA,NA,NA,NA,NA,NA,NA,NA,NA,NA,NA,NA,NA,NA,NA,NA,NA,NA,NA,NA,NA,NA,NA,NA,NA,NA,NA,NA,NA,NA
2016,,IT,DBMS,Sir Kamran Daheri,Faculty.Eval,The Teacher communicates the subject matter effectively,32,4,5,5,4,5,5,5,5,NA,4,4,5,5,4,NA,5,5,4,5,5,4,5,4,NA,NA,NA,NA,NA,NA,NA,NA,NA,NA,NA,NA,NA,NA,NA,NA,NA,NA,NA,NA,NA,NA,NA,NA,NA,NA,NA,NA,NA,NA,NA,NA,NA,NA,NA,NA,NA,NA,NA,NA,NA,NA,NA,NA,NA,NA,NA,NA,NA,NA,NA,NA,NA,NA,NA,NA,NA,NA,NA,NA,NA,NA,NA,NA,NA,NA,NA,NA,NA,NA,NA,NA,NA,NA,NA,NA,NA
2016,,IT,DBMS,Sir Kamran Daheri,Faculty.Eval,The Teacher shows respect towards students and encourages class participation,33,1,5,3,3,5,5,5,5,NA,5,3,5,4,4,NA,4,5,4,5,5,5,5,5,NA,NA,NA,NA,NA,NA,NA,NA,NA,NA,NA,NA,NA,NA,NA,NA,NA,NA,NA,NA,NA,NA,NA,NA,NA,NA,NA,NA,NA,NA,NA,NA,NA,NA,NA,NA,NA,NA,NA,NA,NA,NA,NA,NA,NA,NA,NA,NA,NA,NA,NA,NA,NA,NA,NA,NA,NA,NA,NA,NA,NA,NA,NA,NA,NA,NA,NA,NA,NA,NA,NA,NA,NA,NA,NA,NA,NA
2016,,IT,DBMS,Sir Kamran Daheri,Faculty.Eval,The Teacher maintains an environment that is conducive to learning,34,4,5,4,4,5,5,5,5,NA,4,3,5,4,4,NA,5,5,4,5,5,5,5,5,NA,NA,NA,NA,NA,NA,NA,NA,NA,NA,NA,NA,NA,NA,NA,NA,NA,NA,NA,NA,NA,NA,NA,NA,NA,NA,NA,NA,NA,NA,NA,NA,NA,NA,NA,NA,NA,NA,NA,NA,NA,NA,NA,NA,NA,NA,NA,NA,NA,NA,NA,NA,NA,NA,NA,NA,NA,NA,NA,NA,NA,NA,NA,NA,NA,NA,NA,NA,NA,NA,NA,NA,NA,NA,NA,NA,NA
2016,,IT,DBMS,Sir Kamran Daheri,Faculty.Eval,The Teacher arrives on time ,35,4,5,5,4,5,5,5,4,NA,2,2,5,5,4,NA,4,5,4,5,5,5,5,5,NA,NA,NA,NA,NA,NA,NA,NA,NA,NA,NA,NA,NA,NA,NA,NA,NA,NA,NA,NA,NA,NA,NA,NA,NA,NA,NA,NA,NA,NA,NA,NA,NA,NA,NA,NA,NA,NA,NA,NA,NA,NA,NA,NA,NA,NA,NA,NA,NA,NA,NA,NA,NA,NA,NA,NA,NA,NA,NA,NA,NA,NA,NA,NA,NA,NA,NA,NA,NA,NA,NA,NA,NA,NA,NA,NA,NA
2016,,IT,DBMS,Sir Kamran Daheri,Faculty.Eval,The Teacher leaves on time,36,4,5,3,3,3,5,5,3,NA,4,4,5,5,4,NA,4,5,4,5,5,5,5,5,NA,NA,NA,NA,NA,NA,NA,NA,NA,NA,NA,NA,NA,NA,NA,NA,NA,NA,NA,NA,NA,NA,NA,NA,NA,NA,NA,NA,NA,NA,NA,NA,NA,NA,NA,NA,NA,NA,NA,NA,NA,NA,NA,NA,NA,NA,NA,NA,NA,NA,NA,NA,NA,NA,NA,NA,NA,NA,NA,NA,NA,NA,NA,NA,NA,NA,NA,NA,NA,NA,NA,NA,NA,NA,NA,NA,NA
2016,,IT,DBMS,Sir Kamran Daheri,Faculty.Eval,The Teacher is fair in examination,37,2,5,2,1,5,5,5,4,NA,4,4,5,2,4,NA,4,5,2,5,5,5,5,5,NA,NA,NA,NA,NA,NA,NA,NA,NA,NA,NA,NA,NA,NA,NA,NA,NA,NA,NA,NA,NA,NA,NA,NA,NA,NA,NA,NA,NA,NA,NA,NA,NA,NA,NA,NA,NA,NA,NA,NA,NA,NA,NA,NA,NA,NA,NA,NA,NA,NA,NA,NA,NA,NA,NA,NA,NA,NA,NA,NA,NA,NA,NA,NA,NA,NA,NA,NA,NA,NA,NA,NA,NA,NA,NA,NA,NA
2016,,IT,DBMS,Sir Kamran Daheri,Faculty.Eval,The Teacher returns the graded scripts etc. in  a reasonable amount of time,38,3,4,2,3,5,5,5,4,NA,3,3,5,3,4,NA,4,5,4,5,5,5,5,5,NA,NA,NA,NA,NA,NA,NA,NA,NA,NA,NA,NA,NA,NA,NA,NA,NA,NA,NA,NA,NA,NA,NA,NA,NA,NA,NA,NA,NA,NA,NA,NA,NA,NA,NA,NA,NA,NA,NA,NA,NA,NA,NA,NA,NA,NA,NA,NA,NA,NA,NA,NA,NA,NA,NA,NA,NA,NA,NA,NA,NA,NA,NA,NA,NA,NA,NA,NA,NA,NA,NA,NA,NA,NA,NA,NA,NA
2016,,IT,DBMS,Sir Kamran Daheri,Faculty.Eval,The Teacher was available during the specified office hours and for after class consultations,39,4,4,1,4,4,4,5,5,NA,4,4,5,4,4,NA,4,5,2,5,5,5,5,5,NA,NA,NA,NA,NA,NA,NA,NA,NA,NA,NA,NA,NA,NA,NA,NA,NA,NA,NA,NA,NA,NA,NA,NA,NA,NA,NA,NA,NA,NA,NA,NA,NA,NA,NA,NA,NA,NA,NA,NA,NA,NA,NA,NA,NA,NA,NA,NA,NA,NA,NA,NA,NA,NA,NA,NA,NA,NA,NA,NA,NA,NA,NA,NA,NA,NA,NA,NA,NA,NA,NA,NA,NA,NA,NA,NA,NA
2016,,IT,DBMS,Sir Kamran Daheri,Tutorial,The material in the tutorials was useful,40,4,5,5,3,5,4,5,5,NA,3,4,5,4,4,NA,4,5,2,5,5,4,5,5,NA,NA,NA,NA,NA,NA,NA,NA,NA,NA,NA,NA,NA,NA,NA,NA,NA,NA,NA,NA,NA,NA,NA,NA,NA,NA,NA,NA,NA,NA,NA,NA,NA,NA,NA,NA,NA,NA,NA,NA,NA,NA,NA,NA,NA,NA,NA,NA,NA,NA,NA,NA,NA,NA,NA,NA,NA,NA,NA,NA,NA,NA,NA,NA,NA,NA,NA,NA,NA,NA,NA,NA,NA,NA,NA,NA,NA
2016,,IT,DBMS,Sir Kamran Daheri,Tutorial,I was happy with the amount of work needed for tutorials,41,4,4,3,3,5,4,5,5,NA,2,3,5,5,4,NA,4,5,2,5,5,4,5,5,NA,NA,NA,NA,NA,NA,NA,NA,NA,NA,NA,NA,NA,NA,NA,NA,NA,NA,NA,NA,NA,NA,NA,NA,NA,NA,NA,NA,NA,NA,NA,NA,NA,NA,NA,NA,NA,NA,NA,NA,NA,NA,NA,NA,NA,NA,NA,NA,NA,NA,NA,NA,NA,NA,NA,NA,NA,NA,NA,NA,NA,NA,NA,NA,NA,NA,NA,NA,NA,NA,NA,NA,NA,NA,NA,NA,NA
2016,,IT,DBMS,Sir Kamran Daheri,Tutorial,The Teacher dealt effectively with my problems,42,4,5,3,3,4,4,5,5,NA,4,4,5,5,4,NA,4,5,2,5,5,4,5,5,NA,NA,NA,NA,NA,NA,NA,NA,NA,NA,NA,NA,NA,NA,NA,NA,NA,NA,NA,NA,NA,NA,NA,NA,NA,NA,NA,NA,NA,NA,NA,NA,NA,NA,NA,NA,NA,NA,NA,NA,NA,NA,NA,NA,NA,NA,NA,NA,NA,NA,NA,NA,NA,NA,NA,NA,NA,NA,NA,NA,NA,NA,NA,NA,NA,NA,NA,NA,NA,NA,NA,NA,NA,NA,NA,NA,NA
2016,,IT,DBMS,Sir Kamran Daheri,Practical,The material in the practical was useful,43,4,5,5,2,4,4,5,5,NA,4,4,5,4,4,NA,5,5,4,5,5,5,5,5,NA,NA,NA,NA,NA,NA,NA,NA,NA,NA,NA,NA,NA,NA,NA,NA,NA,NA,NA,NA,NA,NA,NA,NA,NA,NA,NA,NA,NA,NA,NA,NA,NA,NA,NA,NA,NA,NA,NA,NA,NA,NA,NA,NA,NA,NA,NA,NA,NA,NA,NA,NA,NA,NA,NA,NA,NA,NA,NA,NA,NA,NA,NA,NA,NA,NA,NA,NA,NA,NA,NA,NA,NA,NA,NA,NA,NA
2016,,IT,DBMS,Sir Kamran Daheri,Practical,The Teacher dealt effectively with my problems during practicals.,44,3,5,3,NA,4,4,5,5,NA,2,3,5,5,4,NA,5,5,4,5,5,5,5,5,NA,NA,NA,NA,NA,NA,NA,NA,NA,NA,NA,NA,NA,NA,NA,NA,NA,NA,NA,NA,NA,NA,NA,NA,NA,NA,NA,NA,NA,NA,NA,NA,NA,NA,NA,NA,NA,NA,NA,NA,NA,NA,NA,NA,NA,NA,NA,NA,NA,NA,NA,NA,NA,NA,NA,NA,NA,NA,NA,NA,NA,NA,NA,NA,NA,NA,NA,NA,NA,NA,NA,NA,NA,NA,NA,NA,NA
2016,,IT,DBMS,Sir Kamran Daheri,Full.Part.Time,Full.Part.Time,45,4,5,4,NA,5,5,5,5,NA,4,5,5,5,5,NA,4,5,5,5,5,4,NA,5,NA,NA,NA,NA,NA,NA,NA,NA,NA,NA,NA,NA,NA,NA,NA,NA,NA,NA,NA,NA,NA,NA,NA,NA,NA,NA,NA,NA,NA,NA,NA,NA,NA,NA,NA,NA,NA,NA,NA,NA,NA,NA,NA,NA,NA,NA,NA,NA,NA,NA,NA,NA,NA,NA,NA,NA,NA,NA,NA,NA,NA,NA,NA,NA,NA,NA,NA,NA,NA,NA,NA,NA,NA,NA,NA,NA,NA
2016,,IT,DBMS,Sir Kamran Daheri,Gender,Gender,46,5,4,5,5,4,5,5,5,NA,5,5,5,5,5,NA,5,5,5,4,4,5,NA,4,NA,NA,NA,NA,NA,NA,NA,NA,NA,NA,NA,NA,NA,NA,NA,NA,NA,NA,NA,NA,NA,NA,NA,NA,NA,NA,NA,NA,NA,NA,NA,NA,NA,NA,NA,NA,NA,NA,NA,NA,NA,NA,NA,NA,NA,NA,NA,NA,NA,NA,NA,NA,NA,NA,NA,NA,NA,NA,NA,NA,NA,NA,NA,NA,NA,NA,NA,NA,NA,NA,NA,NA,NA,NA,NA,NA,NA
2016,,IT,DBMS,Sir Kamran Daheri,Age.Grp,Age.Grp,47,4,5,5,5,5,4,3,4,NA,5,5,4,4,5,NA,5,4,5,4,5,4,NA,5,NA,NA,NA,NA,NA,NA,NA,NA,NA,NA,NA,NA,NA,NA,NA,NA,NA,NA,NA,NA,NA,NA,NA,NA,NA,NA,NA,NA,NA,NA,NA,NA,NA,NA,NA,NA,NA,NA,NA,NA,NA,NA,NA,NA,NA,NA,NA,NA,NA,NA,NA,NA,NA,NA,NA,NA,NA,NA,NA,NA,NA,NA,NA,NA,NA,NA,NA,NA,NA,NA,NA,NA,NA,NA,NA,NA,NA
2016,,SWE,AIC,Sir Zeeshan Bhatti,Course-Content&Organization,The course objectives were clear,1,2,4,4,5,4,4,5,5,5,5,4,4,4,4,5,4,4,4,4,4,4,5,5,2,4,4,5,5,4,5,5,5,4,NA,NA,NA,NA,NA,NA,NA,NA,NA,NA,NA,NA,NA,NA,NA,NA,NA,NA,NA,NA,NA,NA,NA,NA,NA,NA,NA,NA,NA,NA,NA,NA,NA,NA,NA,NA,NA,NA,NA,NA,NA,NA,NA,NA,NA,NA,NA,NA,NA,NA,NA,NA,NA,NA,NA,NA,NA,NA,NA,NA,NA,NA,NA,NA,NA,NA,NA
2016,,SWE,AIC,Sir Zeeshan Bhatti,Course-Content&Organization,The Course workload was manageable,2,2,4,4,4,4,4,5,5,4,5,4,4,4,4,4,4,4,4,4,3,4,4,4,2,1,4,5,5,4,4,5,4,4,NA,NA,NA,NA,NA,NA,NA,NA,NA,NA,NA,NA,NA,NA,NA,NA,NA,NA,NA,NA,NA,NA,NA,NA,NA,NA,NA,NA,NA,NA,NA,NA,NA,NA,NA,NA,NA,NA,NA,NA,NA,NA,NA,NA,NA,NA,NA,NA,NA,NA,NA,NA,NA,NA,NA,NA,NA,NA,NA,NA,NA,NA,NA,NA,NA,NA,NA
2016,,SWE,AIC,Sir Zeeshan Bhatti,Course-Content&Organization,"The Course was well organized (e.g. timely access to materials, notification of changes, etc.)",3,2,3,4,4,4,4,5,5,4,5,4,4,4,4,5,4,4,4,3,1,4,5,4,2,1,4,NA,5,3,4,5,4,3,NA,NA,NA,NA,NA,NA,NA,NA,NA,NA,NA,NA,NA,NA,NA,NA,NA,NA,NA,NA,NA,NA,NA,NA,NA,NA,NA,NA,NA,NA,NA,NA,NA,NA,NA,NA,NA,NA,NA,NA,NA,NA,NA,NA,NA,NA,NA,NA,NA,NA,NA,NA,NA,NA,NA,NA,NA,NA,NA,NA,NA,NA,NA,NA,NA,NA,NA
2016,,SWE,AIC,Sir Zeeshan Bhatti,Stud.Contribution,Approximate level of your own attendance during the whole Course ,4,3,3,3,2,3,NA,1,2,1,1,2,1,1,1,1,1,2,1,4,1,1,1,2,1,1,NA,3,2,NA,2,1,2,3,NA,NA,NA,NA,NA,NA,NA,NA,NA,NA,NA,NA,NA,NA,NA,NA,NA,NA,NA,NA,NA,NA,NA,NA,NA,NA,NA,NA,NA,NA,NA,NA,NA,NA,NA,NA,NA,NA,NA,NA,NA,NA,NA,NA,NA,NA,NA,NA,NA,NA,NA,NA,NA,NA,NA,NA,NA,NA,NA,NA,NA,NA,NA,NA,NA,NA,NA
2016,,SWE,AIC,Sir Zeeshan Bhatti,Stud.Contribution,I participated actively in the Course,5,NA,4,4,4,4,4,5,5,5,5,4,4,4,4,5,3,4,4,4,3,4,4,4,1,5,4,4,5,4,4,4,4,3,NA,NA,NA,NA,NA,NA,NA,NA,NA,NA,NA,NA,NA,NA,NA,NA,NA,NA,NA,NA,NA,NA,NA,NA,NA,NA,NA,NA,NA,NA,NA,NA,NA,NA,NA,NA,NA,NA,NA,NA,NA,NA,NA,NA,NA,NA,NA,NA,NA,NA,NA,NA,NA,NA,NA,NA,NA,NA,NA,NA,NA,NA,NA,NA,NA,NA,NA
2016,,SWE,AIC,Sir Zeeshan Bhatti,Stud.Contribution,I think I have made progress in this Course,6,NA,3,2,4,4,4,5,5,4,4,4,5,4,4,5,4,4,4,4,4,4,5,4,1,1,4,5,5,4,2,5,2,4,NA,NA,NA,NA,NA,NA,NA,NA,NA,NA,NA,NA,NA,NA,NA,NA,NA,NA,NA,NA,NA,NA,NA,NA,NA,NA,NA,NA,NA,NA,NA,NA,NA,NA,NA,NA,NA,NA,NA,NA,NA,NA,NA,NA,NA,NA,NA,NA,NA,NA,NA,NA,NA,NA,NA,NA,NA,NA,NA,NA,NA,NA,NA,NA,NA,NA,NA
2016,,SWE,AIC,Sir Zeeshan Bhatti,Environment,"I think the Course was well structured to achieve the learning outcomes (there was a good balance of lectures, tutorials, practical etc.)",7,2,4,4,5,4,4,5,5,4,5,4,4,4,4,5,4,4,4,4,4,4,5,4,2,1,4,5,5,4,5,5,5,4,NA,NA,NA,NA,NA,NA,NA,NA,NA,NA,NA,NA,NA,NA,NA,NA,NA,NA,NA,NA,NA,NA,NA,NA,NA,NA,NA,NA,NA,NA,NA,NA,NA,NA,NA,NA,NA,NA,NA,NA,NA,NA,NA,NA,NA,NA,NA,NA,NA,NA,NA,NA,NA,NA,NA,NA,NA,NA,NA,NA,NA,NA,NA,NA,NA,NA,NA
2016,,SWE,AIC,Sir Zeeshan Bhatti,Environment,The learning and teaching methods encouraged participation.,8,2,3,4,4,4,4,5,5,4,5,5,5,4,4,5,3,4,4,4,4,4,4,5,1,5,4,4,5,5,4,5,4,4,NA,NA,NA,NA,NA,NA,NA,NA,NA,NA,NA,NA,NA,NA,NA,NA,NA,NA,NA,NA,NA,NA,NA,NA,NA,NA,NA,NA,NA,NA,NA,NA,NA,NA,NA,NA,NA,NA,NA,NA,NA,NA,NA,NA,NA,NA,NA,NA,NA,NA,NA,NA,NA,NA,NA,NA,NA,NA,NA,NA,NA,NA,NA,NA,NA,NA,NA
2016,,SWE,AIC,Sir Zeeshan Bhatti,Environment,The overall environment in the class was conducive to learning.,9,2,4,4,4,4,4,5,5,3,4,4,4,4,4,5,2,5,4,4,3,4,4,4,2,5,4,5,5,3,4,5,4,3,NA,NA,NA,NA,NA,NA,NA,NA,NA,NA,NA,NA,NA,NA,NA,NA,NA,NA,NA,NA,NA,NA,NA,NA,NA,NA,NA,NA,NA,NA,NA,NA,NA,NA,NA,NA,NA,NA,NA,NA,NA,NA,NA,NA,NA,NA,NA,NA,NA,NA,NA,NA,NA,NA,NA,NA,NA,NA,NA,NA,NA,NA,NA,NA,NA,NA,NA
2016,,SWE,AIC,Sir Zeeshan Bhatti,Environment,Classrooms were satisfactory,10,2,3,4,5,4,4,2,5,3,5,4,5,4,4,5,4,5,4,4,1,4,5,5,1,1,3,NA,5,4,4,4,5,4,NA,NA,NA,NA,NA,NA,NA,NA,NA,NA,NA,NA,NA,NA,NA,NA,NA,NA,NA,NA,NA,NA,NA,NA,NA,NA,NA,NA,NA,NA,NA,NA,NA,NA,NA,NA,NA,NA,NA,NA,NA,NA,NA,NA,NA,NA,NA,NA,NA,NA,NA,NA,NA,NA,NA,NA,NA,NA,NA,NA,NA,NA,NA,NA,NA,NA,NA
2016,,SWE,AIC,Sir Zeeshan Bhatti,Resources,"Learning materials (Lesson Plans, Course Notes etc.) were relevant and useful.",11,4,4,4,5,4,4,5,5,5,5,4,4,4,4,5,4,5,4,3,4,4,5,4,2,1,5,NA,5,4,4,5,5,4,NA,NA,NA,NA,NA,NA,NA,NA,NA,NA,NA,NA,NA,NA,NA,NA,NA,NA,NA,NA,NA,NA,NA,NA,NA,NA,NA,NA,NA,NA,NA,NA,NA,NA,NA,NA,NA,NA,NA,NA,NA,NA,NA,NA,NA,NA,NA,NA,NA,NA,NA,NA,NA,NA,NA,NA,NA,NA,NA,NA,NA,NA,NA,NA,NA,NA,NA
2016,,SWE,AIC,Sir Zeeshan Bhatti,Resources,Recommended reading Books etc. were relevant and appropriate,12,4,4,4,4,4,4,5,5,5,5,4,5,4,4,5,4,5,4,4,4,4,4,5,1,3,5,5,5,4,4,5,5,4,NA,NA,NA,NA,NA,NA,NA,NA,NA,NA,NA,NA,NA,NA,NA,NA,NA,NA,NA,NA,NA,NA,NA,NA,NA,NA,NA,NA,NA,NA,NA,NA,NA,NA,NA,NA,NA,NA,NA,NA,NA,NA,NA,NA,NA,NA,NA,NA,NA,NA,NA,NA,NA,NA,NA,NA,NA,NA,NA,NA,NA,NA,NA,NA,NA,NA,NA
2016,,SWE,AIC,Sir Zeeshan Bhatti,Resources,The provision of learning resources in the library was adequate and appropriate ,13,4,4,2,4,4,2,5,5,4,5,4,4,4,4,4,4,4,4,4,4,4,4,4,2,1,4,5,5,4,3,4,4,3,NA,NA,NA,NA,NA,NA,NA,NA,NA,NA,NA,NA,NA,NA,NA,NA,NA,NA,NA,NA,NA,NA,NA,NA,NA,NA,NA,NA,NA,NA,NA,NA,NA,NA,NA,NA,NA,NA,NA,NA,NA,NA,NA,NA,NA,NA,NA,NA,NA,NA,NA,NA,NA,NA,NA,NA,NA,NA,NA,NA,NA,NA,NA,NA,NA,NA,NA
2016,,SWE,AIC,Sir Zeeshan Bhatti,Resources,The provision of learning resources on the Web was adequate and appropriate ( if relevant),14,4,3,2,5,4,4,4,5,3,5,4,5,4,4,4,3,5,4,4,3,4,5,4,1,3,4,NA,5,4,4,4,5,4,NA,NA,NA,NA,NA,NA,NA,NA,NA,NA,NA,NA,NA,NA,NA,NA,NA,NA,NA,NA,NA,NA,NA,NA,NA,NA,NA,NA,NA,NA,NA,NA,NA,NA,NA,NA,NA,NA,NA,NA,NA,NA,NA,NA,NA,NA,NA,NA,NA,NA,NA,NA,NA,NA,NA,NA,NA,NA,NA,NA,NA,NA,NA,NA,NA,NA,NA
2016,,SWE,AIC,Sir Zeeshan Bhatti,Quality.of.Delivery,The Course stimulated my interest and thought on the subject area,15,3,4,2,4,4,4,5,5,3,5,4,4,4,4,5,4,5,4,4,4,4,5,4,1,1,4,5,5,4,NA,4,5,4,NA,NA,NA,NA,NA,NA,NA,NA,NA,NA,NA,NA,NA,NA,NA,NA,NA,NA,NA,NA,NA,NA,NA,NA,NA,NA,NA,NA,NA,NA,NA,NA,NA,NA,NA,NA,NA,NA,NA,NA,NA,NA,NA,NA,NA,NA,NA,NA,NA,NA,NA,NA,NA,NA,NA,NA,NA,NA,NA,NA,NA,NA,NA,NA,NA,NA,NA
2016,,SWE,AIC,Sir Zeeshan Bhatti,Quality.of.Delivery,The pace of the Course was appropriate,16,4,3,4,4,4,4,4,5,4,4,5,5,4,4,4,4,5,4,4,4,4,4,4,2,5,4,5,5,4,NA,5,5,3,NA,NA,NA,NA,NA,NA,NA,NA,NA,NA,NA,NA,NA,NA,NA,NA,NA,NA,NA,NA,NA,NA,NA,NA,NA,NA,NA,NA,NA,NA,NA,NA,NA,NA,NA,NA,NA,NA,NA,NA,NA,NA,NA,NA,NA,NA,NA,NA,NA,NA,NA,NA,NA,NA,NA,NA,NA,NA,NA,NA,NA,NA,NA,NA,NA,NA,NA
2016,,SWE,AIC,Sir Zeeshan Bhatti,Quality.of.Delivery,Ideas and concepts were presented clearly,17,4,3,4,5,4,5,5,5,3,5,5,4,4,4,4,2,5,4,4,3,4,4,4,1,1,4,NA,5,4,4,5,5,3,NA,NA,NA,NA,NA,NA,NA,NA,NA,NA,NA,NA,NA,NA,NA,NA,NA,NA,NA,NA,NA,NA,NA,NA,NA,NA,NA,NA,NA,NA,NA,NA,NA,NA,NA,NA,NA,NA,NA,NA,NA,NA,NA,NA,NA,NA,NA,NA,NA,NA,NA,NA,NA,NA,NA,NA,NA,NA,NA,NA,NA,NA,NA,NA,NA,NA,NA
2016,,SWE,AIC,Sir Zeeshan Bhatti,Assessment,The method of assessment were reasonable ,18,3,3,4,4,4,5,5,5,4,5,4,5,4,4,2,4,4,4,4,4,5,5,4,1,5,4,5,5,NA,4,5,5,4,NA,NA,NA,NA,NA,NA,NA,NA,NA,NA,NA,NA,NA,NA,NA,NA,NA,NA,NA,NA,NA,NA,NA,NA,NA,NA,NA,NA,NA,NA,NA,NA,NA,NA,NA,NA,NA,NA,NA,NA,NA,NA,NA,NA,NA,NA,NA,NA,NA,NA,NA,NA,NA,NA,NA,NA,NA,NA,NA,NA,NA,NA,NA,NA,NA,NA,NA
2016,,SWE,AIC,Sir Zeeshan Bhatti,Assessment,Feedback on assessment was timely,19,3,3,2,4,4,4,5,5,3,4,4,5,4,4,4,4,4,4,4,4,5,4,4,2,4,4,NA,5,NA,4,5,5,4,NA,NA,NA,NA,NA,NA,NA,NA,NA,NA,NA,NA,NA,NA,NA,NA,NA,NA,NA,NA,NA,NA,NA,NA,NA,NA,NA,NA,NA,NA,NA,NA,NA,NA,NA,NA,NA,NA,NA,NA,NA,NA,NA,NA,NA,NA,NA,NA,NA,NA,NA,NA,NA,NA,NA,NA,NA,NA,NA,NA,NA,NA,NA,NA,NA,NA,NA
2016,,SWE,AIC,Sir Zeeshan Bhatti,Assessment,Feedback on assessment was helpful,20,3,3,2,4,4,4,5,5,4,5,4,5,4,4,4,4,4,4,4,4,5,4,4,2,4,4,5,5,NA,4,5,5,3,NA,NA,NA,NA,NA,NA,NA,NA,NA,NA,NA,NA,NA,NA,NA,NA,NA,NA,NA,NA,NA,NA,NA,NA,NA,NA,NA,NA,NA,NA,NA,NA,NA,NA,NA,NA,NA,NA,NA,NA,NA,NA,NA,NA,NA,NA,NA,NA,NA,NA,NA,NA,NA,NA,NA,NA,NA,NA,NA,NA,NA,NA,NA,NA,NA,NA,NA
2016,,SWE,AIC,Sir Zeeshan Bhatti,Faculty.Eval,I understood the lectures,21,3,4,NA,5,4,NA,5,5,5,5,5,4,4,4,5,4,4,4,4,3,5,5,4,2,1,4,4,5,4,5,5,5,3,NA,NA,NA,NA,NA,NA,NA,NA,NA,NA,NA,NA,NA,NA,NA,NA,NA,NA,NA,NA,NA,NA,NA,NA,NA,NA,NA,NA,NA,NA,NA,NA,NA,NA,NA,NA,NA,NA,NA,NA,NA,NA,NA,NA,NA,NA,NA,NA,NA,NA,NA,NA,NA,NA,NA,NA,NA,NA,NA,NA,NA,NA,NA,NA,NA,NA,NA
2016,,SWE,AIC,Sir Zeeshan Bhatti,Faculty.Eval,The material was well organized and presented,22,3,4,NA,4,4,4,5,5,4,4,5,4,4,4,4,4,4,4,4,4,5,5,4,1,1,3,5,5,4,4,5,5,3,NA,NA,NA,NA,NA,NA,NA,NA,NA,NA,NA,NA,NA,NA,NA,NA,NA,NA,NA,NA,NA,NA,NA,NA,NA,NA,NA,NA,NA,NA,NA,NA,NA,NA,NA,NA,NA,NA,NA,NA,NA,NA,NA,NA,NA,NA,NA,NA,NA,NA,NA,NA,NA,NA,NA,NA,NA,NA,NA,NA,NA,NA,NA,NA,NA,NA,NA
2016,,SWE,AIC,Sir Zeeshan Bhatti,Faculty.Eval,The Teacher was responsive to student needs and problems,23,3,4,NA,5,4,NA,5,5,4,5,5,4,4,4,4,4,4,3,4,4,5,4,4,2,4,4,5,5,3,4,5,5,3,NA,NA,NA,NA,NA,NA,NA,NA,NA,NA,NA,NA,NA,NA,NA,NA,NA,NA,NA,NA,NA,NA,NA,NA,NA,NA,NA,NA,NA,NA,NA,NA,NA,NA,NA,NA,NA,NA,NA,NA,NA,NA,NA,NA,NA,NA,NA,NA,NA,NA,NA,NA,NA,NA,NA,NA,NA,NA,NA,NA,NA,NA,NA,NA,NA,NA,NA
2016,,SWE,AIC,Sir Zeeshan Bhatti,Faculty.Eval,Had the Teacher been regular throughout the course?,24,4,3,NA,4,4,4,5,5,4,4,5,4,4,4,4,4,4,4,4,4,5,4,4,2,4,3,4,5,3,4,5,5,4,NA,NA,NA,NA,NA,NA,NA,NA,NA,NA,NA,NA,NA,NA,NA,NA,NA,NA,NA,NA,NA,NA,NA,NA,NA,NA,NA,NA,NA,NA,NA,NA,NA,NA,NA,NA,NA,NA,NA,NA,NA,NA,NA,NA,NA,NA,NA,NA,NA,NA,NA,NA,NA,NA,NA,NA,NA,NA,NA,NA,NA,NA,NA,NA,NA,NA,NA
2016,,SWE,AIC,Sir Zeeshan Bhatti,Faculty.Eval,The Teacher provides the Lecture schedule on the very first lecture,25,4,3,NA,5,4,4,5,5,4,5,4,5,4,4,4,4,4,4,4,4,5,5,4,2,4,4,5,5,3,4,5,5,4,NA,NA,NA,NA,NA,NA,NA,NA,NA,NA,NA,NA,NA,NA,NA,NA,NA,NA,NA,NA,NA,NA,NA,NA,NA,NA,NA,NA,NA,NA,NA,NA,NA,NA,NA,NA,NA,NA,NA,NA,NA,NA,NA,NA,NA,NA,NA,NA,NA,NA,NA,NA,NA,NA,NA,NA,NA,NA,NA,NA,NA,NA,NA,NA,NA,NA,NA
2016,,SWE,AIC,Sir Zeeshan Bhatti,Faculty.Eval,The Teacher provides the Lecture outlines before delivering the lecture,26,4,3,NA,5,4,4,5,5,3,5,4,4,4,4,4,4,4,4,4,4,5,5,4,1,2,5,5,5,3,4,5,5,4,NA,NA,NA,NA,NA,NA,NA,NA,NA,NA,NA,NA,NA,NA,NA,NA,NA,NA,NA,NA,NA,NA,NA,NA,NA,NA,NA,NA,NA,NA,NA,NA,NA,NA,NA,NA,NA,NA,NA,NA,NA,NA,NA,NA,NA,NA,NA,NA,NA,NA,NA,NA,NA,NA,NA,NA,NA,NA,NA,NA,NA,NA,NA,NA,NA,NA,NA
2016,,SWE,AIC,Sir Zeeshan Bhatti,Faculty.Eval,The Teacher is prepared for each class,27,4,3,NA,5,4,4,5,5,4,4,4,5,4,4,4,4,4,4,4,3,5,4,4,1,4,5,4,5,4,4,5,5,4,NA,NA,NA,NA,NA,NA,NA,NA,NA,NA,NA,NA,NA,NA,NA,NA,NA,NA,NA,NA,NA,NA,NA,NA,NA,NA,NA,NA,NA,NA,NA,NA,NA,NA,NA,NA,NA,NA,NA,NA,NA,NA,NA,NA,NA,NA,NA,NA,NA,NA,NA,NA,NA,NA,NA,NA,NA,NA,NA,NA,NA,NA,NA,NA,NA,NA,NA
2016,,SWE,AIC,Sir Zeeshan Bhatti,Faculty.Eval,The Teacher demonstrates knowledge of the subject,28,2,2,NA,5,4,4,5,5,4,4,4,4,4,4,4,4,4,4,4,4,5,5,4,1,1,4,4,5,4,4,5,5,2,NA,NA,NA,NA,NA,NA,NA,NA,NA,NA,NA,NA,NA,NA,NA,NA,NA,NA,NA,NA,NA,NA,NA,NA,NA,NA,NA,NA,NA,NA,NA,NA,NA,NA,NA,NA,NA,NA,NA,NA,NA,NA,NA,NA,NA,NA,NA,NA,NA,NA,NA,NA,NA,NA,NA,NA,NA,NA,NA,NA,NA,NA,NA,NA,NA,NA,NA
2016,,SWE,AIC,Sir Zeeshan Bhatti,Faculty.Eval,The Teacher has completed the whole course,29,2,4,NA,4,4,4,5,5,5,4,4,4,4,4,4,4,4,4,4,4,5,5,4,1,2,5,1,5,NA,4,4,5,2,NA,NA,NA,NA,NA,NA,NA,NA,NA,NA,NA,NA,NA,NA,NA,NA,NA,NA,NA,NA,NA,NA,NA,NA,NA,NA,NA,NA,NA,NA,NA,NA,NA,NA,NA,NA,NA,NA,NA,NA,NA,NA,NA,NA,NA,NA,NA,NA,NA,NA,NA,NA,NA,NA,NA,NA,NA,NA,NA,NA,NA,NA,NA,NA,NA,NA,NA
2016,,SWE,AIC,Sir Zeeshan Bhatti,Faculty.Eval,The Teacher provides additional material apart from the textbook,30,2,3,NA,3,4,4,5,5,4,4,4,4,4,4,3,3,4,4,3,4,5,5,4,2,3,4,4,5,5,4,5,5,2,NA,NA,NA,NA,NA,NA,NA,NA,NA,NA,NA,NA,NA,NA,NA,NA,NA,NA,NA,NA,NA,NA,NA,NA,NA,NA,NA,NA,NA,NA,NA,NA,NA,NA,NA,NA,NA,NA,NA,NA,NA,NA,NA,NA,NA,NA,NA,NA,NA,NA,NA,NA,NA,NA,NA,NA,NA,NA,NA,NA,NA,NA,NA,NA,NA,NA,NA
2016,,SWE,AIC,Sir Zeeshan Bhatti,Faculty.Eval,The Teacher gives citations regarding current situations with reference to Pakistani context.,31,3,3,NA,5,4,2,NA,5,3,5,4,4,4,4,3,3,4,4,3,4,5,5,4,2,4,3,5,5,5,4,4,5,3,NA,NA,NA,NA,NA,NA,NA,NA,NA,NA,NA,NA,NA,NA,NA,NA,NA,NA,NA,NA,NA,NA,NA,NA,NA,NA,NA,NA,NA,NA,NA,NA,NA,NA,NA,NA,NA,NA,NA,NA,NA,NA,NA,NA,NA,NA,NA,NA,NA,NA,NA,NA,NA,NA,NA,NA,NA,NA,NA,NA,NA,NA,NA,NA,NA,NA,NA
2016,,SWE,AIC,Sir Zeeshan Bhatti,Faculty.Eval,The Teacher communicates the subject matter effectively,32,4,2,NA,5,4,2,5,5,3,5,5,4,4,4,4,2,4,4,4,4,5,4,4,2,4,4,4,5,5,4,4,5,4,NA,NA,NA,NA,NA,NA,NA,NA,NA,NA,NA,NA,NA,NA,NA,NA,NA,NA,NA,NA,NA,NA,NA,NA,NA,NA,NA,NA,NA,NA,NA,NA,NA,NA,NA,NA,NA,NA,NA,NA,NA,NA,NA,NA,NA,NA,NA,NA,NA,NA,NA,NA,NA,NA,NA,NA,NA,NA,NA,NA,NA,NA,NA,NA,NA,NA,NA
2016,,SWE,AIC,Sir Zeeshan Bhatti,Faculty.Eval,The Teacher shows respect towards students and encourages class participation,33,5,4,NA,5,4,4,5,5,4,5,5,4,4,4,4,2,4,4,4,4,5,4,4,1,4,4,4,5,4,4,5,5,3,NA,NA,NA,NA,NA,NA,NA,NA,NA,NA,NA,NA,NA,NA,NA,NA,NA,NA,NA,NA,NA,NA,NA,NA,NA,NA,NA,NA,NA,NA,NA,NA,NA,NA,NA,NA,NA,NA,NA,NA,NA,NA,NA,NA,NA,NA,NA,NA,NA,NA,NA,NA,NA,NA,NA,NA,NA,NA,NA,NA,NA,NA,NA,NA,NA,NA,NA
2016,,SWE,AIC,Sir Zeeshan Bhatti,Faculty.Eval,The Teacher maintains an environment that is conducive to learning,34,5,4,NA,5,4,NA,4,5,3,5,5,4,4,4,4,3,4,4,4,3,5,4,4,1,2,5,5,5,4,2,4,5,2,NA,NA,NA,NA,NA,NA,NA,NA,NA,NA,NA,NA,NA,NA,NA,NA,NA,NA,NA,NA,NA,NA,NA,NA,NA,NA,NA,NA,NA,NA,NA,NA,NA,NA,NA,NA,NA,NA,NA,NA,NA,NA,NA,NA,NA,NA,NA,NA,NA,NA,NA,NA,NA,NA,NA,NA,NA,NA,NA,NA,NA,NA,NA,NA,NA,NA,NA
2016,,SWE,AIC,Sir Zeeshan Bhatti,Faculty.Eval,The Teacher arrives on time ,35,5,4,NA,5,4,4,2,5,5,5,5,4,4,4,4,4,4,4,4,3,5,5,4,2,4,4,5,5,4,4,5,5,4,NA,NA,NA,NA,NA,NA,NA,NA,NA,NA,NA,NA,NA,NA,NA,NA,NA,NA,NA,NA,NA,NA,NA,NA,NA,NA,NA,NA,NA,NA,NA,NA,NA,NA,NA,NA,NA,NA,NA,NA,NA,NA,NA,NA,NA,NA,NA,NA,NA,NA,NA,NA,NA,NA,NA,NA,NA,NA,NA,NA,NA,NA,NA,NA,NA,NA,NA
2016,,SWE,AIC,Sir Zeeshan Bhatti,Faculty.Eval,The Teacher leaves on time,36,5,3,NA,5,4,4,4,5,5,5,5,4,4,4,4,5,4,4,4,4,5,5,4,2,4,3,5,5,3,4,5,5,3,NA,NA,NA,NA,NA,NA,NA,NA,NA,NA,NA,NA,NA,NA,NA,NA,NA,NA,NA,NA,NA,NA,NA,NA,NA,NA,NA,NA,NA,NA,NA,NA,NA,NA,NA,NA,NA,NA,NA,NA,NA,NA,NA,NA,NA,NA,NA,NA,NA,NA,NA,NA,NA,NA,NA,NA,NA,NA,NA,NA,NA,NA,NA,NA,NA,NA,NA
2016,,SWE,AIC,Sir Zeeshan Bhatti,Faculty.Eval,The Teacher is fair in examination,37,5,2,NA,5,4,4,4,5,4,5,4,4,4,4,4,4,4,4,4,4,5,4,4,1,4,4,4,5,3,4,5,5,4,NA,NA,NA,NA,NA,NA,NA,NA,NA,NA,NA,NA,NA,NA,NA,NA,NA,NA,NA,NA,NA,NA,NA,NA,NA,NA,NA,NA,NA,NA,NA,NA,NA,NA,NA,NA,NA,NA,NA,NA,NA,NA,NA,NA,NA,NA,NA,NA,NA,NA,NA,NA,NA,NA,NA,NA,NA,NA,NA,NA,NA,NA,NA,NA,NA,NA,NA
2016,,SWE,AIC,Sir Zeeshan Bhatti,Faculty.Eval,The Teacher returns the graded scripts etc. in  a reasonable amount of time,38,5,3,NA,3,4,4,3,5,4,5,4,4,4,4,4,4,4,4,4,4,5,5,4,1,4,4,4,5,4,4,4,5,4,NA,NA,NA,NA,NA,NA,NA,NA,NA,NA,NA,NA,NA,NA,NA,NA,NA,NA,NA,NA,NA,NA,NA,NA,NA,NA,NA,NA,NA,NA,NA,NA,NA,NA,NA,NA,NA,NA,NA,NA,NA,NA,NA,NA,NA,NA,NA,NA,NA,NA,NA,NA,NA,NA,NA,NA,NA,NA,NA,NA,NA,NA,NA,NA,NA,NA,NA
2016,,SWE,AIC,Sir Zeeshan Bhatti,Faculty.Eval,The Teacher was available during the specified office hours and for after class consultations,39,5,3,NA,5,4,4,4,5,3,5,4,4,4,4,4,4,4,4,4,3,5,5,4,2,1,3,5,5,4,4,5,5,4,NA,NA,NA,NA,NA,NA,NA,NA,NA,NA,NA,NA,NA,NA,NA,NA,NA,NA,NA,NA,NA,NA,NA,NA,NA,NA,NA,NA,NA,NA,NA,NA,NA,NA,NA,NA,NA,NA,NA,NA,NA,NA,NA,NA,NA,NA,NA,NA,NA,NA,NA,NA,NA,NA,NA,NA,NA,NA,NA,NA,NA,NA,NA,NA,NA,NA,NA
2016,,SWE,AIC,Sir Zeeshan Bhatti,Tutorial,The material in the tutorials was useful,40,4,4,4,5,4,4,4,NA,4,5,4,5,4,4,5,3,4,4,4,4,5,5,4,1,2,4,5,5,4,4,5,5,4,NA,NA,NA,NA,NA,NA,NA,NA,NA,NA,NA,NA,NA,NA,NA,NA,NA,NA,NA,NA,NA,NA,NA,NA,NA,NA,NA,NA,NA,NA,NA,NA,NA,NA,NA,NA,NA,NA,NA,NA,NA,NA,NA,NA,NA,NA,NA,NA,NA,NA,NA,NA,NA,NA,NA,NA,NA,NA,NA,NA,NA,NA,NA,NA,NA,NA,NA
2016,,SWE,AIC,Sir Zeeshan Bhatti,Tutorial,I was happy with the amount of work needed for tutorials,41,3,4,2,5,4,4,5,NA,3,4,5,4,4,4,5,4,3,4,4,4,4,4,4,2,4,4,3,5,3,4,5,5,4,NA,NA,NA,NA,NA,NA,NA,NA,NA,NA,NA,NA,NA,NA,NA,NA,NA,NA,NA,NA,NA,NA,NA,NA,NA,NA,NA,NA,NA,NA,NA,NA,NA,NA,NA,NA,NA,NA,NA,NA,NA,NA,NA,NA,NA,NA,NA,NA,NA,NA,NA,NA,NA,NA,NA,NA,NA,NA,NA,NA,NA,NA,NA,NA,NA,NA,NA
2016,,SWE,AIC,Sir Zeeshan Bhatti,Tutorial,The Teacher dealt effectively with my problems,42,2,3,4,5,4,4,5,NA,4,5,4,4,4,4,4,4,4,4,4,2,4,4,4,2,NA,4,5,5,3,4,5,5,4,NA,NA,NA,NA,NA,NA,NA,NA,NA,NA,NA,NA,NA,NA,NA,NA,NA,NA,NA,NA,NA,NA,NA,NA,NA,NA,NA,NA,NA,NA,NA,NA,NA,NA,NA,NA,NA,NA,NA,NA,NA,NA,NA,NA,NA,NA,NA,NA,NA,NA,NA,NA,NA,NA,NA,NA,NA,NA,NA,NA,NA,NA,NA,NA,NA,NA,NA
2016,,SWE,AIC,Sir Zeeshan Bhatti,Practical,The material in the practical was useful,43,2,4,4,4,4,4,4,NA,2,5,4,4,4,4,4,4,4,4,4,4,4,4,4,1,NA,4,5,5,3,4,5,NA,4,NA,NA,NA,NA,NA,NA,NA,NA,NA,NA,NA,NA,NA,NA,NA,NA,NA,NA,NA,NA,NA,NA,NA,NA,NA,NA,NA,NA,NA,NA,NA,NA,NA,NA,NA,NA,NA,NA,NA,NA,NA,NA,NA,NA,NA,NA,NA,NA,NA,NA,NA,NA,NA,NA,NA,NA,NA,NA,NA,NA,NA,NA,NA,NA,NA,NA,NA
2016,,SWE,AIC,Sir Zeeshan Bhatti,Practical,The Teacher dealt effectively with my problems during practicals.,44,2,4,2,4,4,4,4,NA,1,4,4,4,4,4,4,4,4,4,3,2,4,4,4,1,NA,4,NA,5,3,4,5,NA,4,NA,NA,NA,NA,NA,NA,NA,NA,NA,NA,NA,NA,NA,NA,NA,NA,NA,NA,NA,NA,NA,NA,NA,NA,NA,NA,NA,NA,NA,NA,NA,NA,NA,NA,NA,NA,NA,NA,NA,NA,NA,NA,NA,NA,NA,NA,NA,NA,NA,NA,NA,NA,NA,NA,NA,NA,NA,NA,NA,NA,NA,NA,NA,NA,NA,NA,NA
2016,,SWE,AIC,Sir Zeeshan Bhatti,Full.Part.Time,Full.Part.Time,45,4,4,5,4,5,NA,4,5,4,5,NA,5,5,4,5,4,NA,5,4,5,5,5,5,5,NA,4,4,5,NA,4,5,NA,5,NA,NA,NA,NA,NA,NA,NA,NA,NA,NA,NA,NA,NA,NA,NA,NA,NA,NA,NA,NA,NA,NA,NA,NA,NA,NA,NA,NA,NA,NA,NA,NA,NA,NA,NA,NA,NA,NA,NA,NA,NA,NA,NA,NA,NA,NA,NA,NA,NA,NA,NA,NA,NA,NA,NA,NA,NA,NA,NA,NA,NA,NA,NA,NA,NA,NA,NA
2016,,SWE,AIC,Sir Zeeshan Bhatti,Gender,Gender,46,5,5,5,5,5,4,4,5,5,5,5,5,5,5,5,5,NA,5,5,5,4,4,5,5,NA,5,5,5,5,5,5,NA,5,NA,NA,NA,NA,NA,NA,NA,NA,NA,NA,NA,NA,NA,NA,NA,NA,NA,NA,NA,NA,NA,NA,NA,NA,NA,NA,NA,NA,NA,NA,NA,NA,NA,NA,NA,NA,NA,NA,NA,NA,NA,NA,NA,NA,NA,NA,NA,NA,NA,NA,NA,NA,NA,NA,NA,NA,NA,NA,NA,NA,NA,NA,NA,NA,NA,NA,NA
2016,,SWE,AIC,Sir Zeeshan Bhatti,Age.Grp,Age.Grp,47,5,5,5,4,3,NA,4,4,4,4,4,5,4,5,5,4,NA,4,5,4,4,4,4,4,NA,5,5,4,NA,4,5,NA,3,NA,NA,NA,NA,NA,NA,NA,NA,NA,NA,NA,NA,NA,NA,NA,NA,NA,NA,NA,NA,NA,NA,NA,NA,NA,NA,NA,NA,NA,NA,NA,NA,NA,NA,NA,NA,NA,NA,NA,NA,NA,NA,NA,NA,NA,NA,NA,NA,NA,NA,NA,NA,NA,NA,NA,NA,NA,NA,NA,NA,NA,NA,NA,NA,NA,NA,NA
